"Path","Platform","Compiled","Cooked","Permutations","Compiletime","CompiledDouble","CookedDouble"
"/Game/Game/Materials/M_ClimbingHold.M_ClimbingHold","0","0","14","1","0.000000","0","0"
"/Game/Game/Materials/M_Bullet.M_Bullet","0","0","23","1","0.000000","0","0"
"/Game/Game/Materials/Invisible_Material.Invisible_Material","0","0","38","1","0.000000","0","0"
"/ControlRig/Controls/ControlRigGizmoMaterial.ControlRigGizmoMaterial","0","0","4","1","0.000000","0","0"
"/Engine/EngineDebugMaterials/DebugEditorMaterial.DebugEditorMaterial","0","0","6","1","0.000000","0","0"
"/Engine/EngineMaterials/GizmoMaterial.GizmoMaterial","0","0","6","1","0.000000","0","0"
"/Engine/EngineDebugMaterials/DebugMeshMaterial.DebugMeshMaterial","0","0","9","1","0.000000","0","0"
"/Engine/EngineMaterials/RemoveSurfaceMaterial.RemoveSurfaceMaterial","0","0","4","1","0.000000","0","0"
"/HairStrands/Materials/HairMeshesDefaultMaterial.HairMeshesDefaultMaterial","0","0","63","1","0.000000","0","0"
"/HairStrands/Materials/HairCardsDefaultMaterial.HairCardsDefaultMaterial","0","0","104","1","0.000000","0","0"
"/HairStrands/Materials/HairDefaultMaterial.HairDefaultMaterial","0","0","63","1","0.000000","0","0"
"/Engine/EngineDebugMaterials/M_SimpleUnlitTranslucent.M_SimpleUnlitTranslucent","0","0","9","1","0.000000","0","0"
"/Game/AdvancedLocomotionV4/VehiclesMesh/SportCar/Materials/M_SportsCar_Lights.M_SportsCar_Lights","0","0","52","1","0.000000","0","0"
"/Engine/EditorMaterials/Camera/CineMat.CineMat","0","0","28","1","0.000000","0","0"
"/Engine/VREditor/TransformGizmo/Xray.Xray","0","0","14","1","0.000000","0","0"
"/Engine/VREditor/TransformGizmo/Main.Main","0","0","9","1","0.000000","0","0"
"/Engine/VREditor/TransformGizmo/TranslucentTransformGizmoMaterial.TranslucentTransformGizmoMaterial","0","0","9","1","0.000000","0","0"
"/Engine/EngineMaterials/DefaultLightFunctionMaterial.DefaultLightFunctionMaterial","0","0","43","1","0.000000","0","0"
"/Game/AdvancedLocomotionV4/VehiclesMesh/Pickup/Materials/krmlghtbdy85_body_001.krmlghtbdy85_body_001","0","0","14","1","0.000000","0","0"
"/Game/GoodSky/Source/ArrowTool/M_GoodSky_Sun_Emissive.M_GoodSky_Sun_Emissive","0","0","9","1","0.000000","0","0"
"/Game/Game/Vehicle_System/Jeep_Mesh/Materials/Mirrors_Master.Mirrors_Master","0","0","28","1","0.000000","0","0"
"/Game/Game/Vehicle_System/Jeep_Mesh/Materials/Light_Function.Light_Function","0","0","43","1","0.000000","0","0"
"/Game/Game/Vehicle_System/Jeep_Mesh/Materials/jeep_whipers-R.jeep_whipers-R","0","0","28","1","0.000000","0","0"
"/Game/Game/Vehicle_System/Jeep_Mesh/Materials/jeep_whipers-L.jeep_whipers-L","0","0","28","1","0.000000","0","0"
"/Game/Game/Vehicle_System/Jeep_Mesh/Materials/jeep_whipers-B.jeep_whipers-B","0","0","28","1","0.000000","0","0"
"/Game/Game/Vehicle_System/Jeep_Mesh/Materials/jeep-wheel-insid.jeep-wheel-insid","0","0","28","1","0.000000","0","0"
"/Game/Game/Vehicle_System/Jeep_Mesh/Materials/jeep-wheel-discs.jeep-wheel-discs","0","0","28","1","0.000000","0","0"
"/Game/Game/Vehicle_System/Jeep_Mesh/Materials/jeep-tire-bmp_002.jeep-tire-bmp_002","0","0","37","1","0.000000","0","0"
"/Game/Game/Vehicle_System/Jeep_Mesh/Materials/jeep-chrome.jeep-chrome","0","0","28","1","0.000000","0","0"
"/Game/Game/Vehicle_System/Jeep_Mesh/Materials/jeep-black.jeep-black","0","0","28","1","0.000000","0","0"
"/Game/Game/Vehicle_System/Jeep_Mesh/Materials/black.black","0","0","28","1","0.000000","0","0"
"/Game/Game/Vehicle_System/Jeep_Mesh/Materials/15_-_Default.15_-_Default","0","0","37","1","0.000000","0","0"
"/Game/Game/Vehicle_System/Jeep_Mesh/Materials/14_-_Default.14_-_Default","0","0","28","1","0.000000","0","0"
"/Game/Game/Vehicle_System/Jeep_Mesh/Materials/09_-_Default.09_-_Default","0","0","28","1","0.000000","0","0"
"/Game/Game/Vehicle_System/Jeep_Mesh/Materials/08_-_Default_001.08_-_Default_001","0","0","28","1","0.000000","0","0"
"/Game/Game/Vehicle_System/Jeep_Mesh/Materials/08_-_Default.08_-_Default","0","0","28","1","0.000000","0","0"
"/Game/Game/Vehicle_System/Jeep_Mesh/Materials/04_-_Default_001.04_-_Default_001","0","0","37","1","0.000000","0","0"
"/Game/Game/Vehicle_System/Jeep_Mesh/Materials/04_-_Default.04_-_Default","0","0","28","1","0.000000","0","0"
"/Game/Game/Vehicle_System/Jeep_Mesh/Inside_Detail_Meshs/Details.Details","0","0","14","1","0.000000","0","0"
"/Game/Game/Vehicle_System/Jeep_Mesh/Inside_Detail_Meshs/Arrow_Mat.Arrow_Mat","0","0","16","1","0.000000","0","0"
"/Game/AdvancedLocomotionV4/Props/Materials/Pistols/M_SW39_Material.M_SW39_Material","0","0","28","1","0.000000","0","0"
"/Game/AdvancedLocomotionV4/Props/Materials/Pistols/M_P-018_Material.M_P-018_Material","0","0","28","1","0.000000","0","0"
"/Game/AdvancedLocomotionV4/Props/Materials/Pistols/M_DesertDeagle_Material.M_DesertDeagle_Material","0","0","28","1","0.000000","0","0"
"/Game/AdvancedLocomotionV4/Props/Materials/Famas/Famas_Material_Master.Famas_Material_Master","0","0","28","1","0.000000","0","0"
"/Game/AdvancedLocomotionV4/Props/Materials/C8/C8_Master_Material.C8_Master_Material","0","0","28","1","0.000000","0","0"
"/Game/AdvancedLocomotionV4/Props/Materials/AS-50/AS-50_Material_Master.AS-50_Material_Master","0","0","32","1","0.000000","0","0"
"/Game/AdvancedLocomotionV4/Props/Materials/AK-47/AK-47_Material_Master.AK-47_Material_Master","0","0","32","1","0.000000","0","0"
"/Game/AdvancedLocomotionV4/Props/Materials/aa-50_beowulf/aa-50-beowulf_Material_Master.aa-50-beowulf_Material_Master","0","0","32","1","0.000000","0","0"
"/Game/AdvancedLocomotionV4/Props/Materials/Wireframe_Material.Wireframe_Material","0","0","54","1","0.000000","0","0"
"/Game/AdvancedLocomotionV4/Props/Materials/M_Prop_Rope_Material.M_Prop_Rope_Material","0","0","32","1","0.000000","0","0"
"/Game/AdvancedLocomotionV4/Environment/Materials/M_Material-Emmisive.M_Material-Emmisive","0","0","14","1","0.000000","0","0"
"/Game/AdvancedLocomotionV4/Environment/Materials/M_Grid_Floor.M_Grid_Floor","0","0","9","1","0.000000","0","0"
"/Game/AdvancedLocomotionV4/Environment/Materials/M_Grid_Background.M_Grid_Background","0","0","6","1","0.000000","0","0"
"/Game/AdvancedLocomotionV4/Environment/Materials/M_FlickFuction.M_FlickFuction","0","0","43","1","0.000000","0","0"
"/Game/Game/Materials/Props/M_Wall.M_Wall","0","0","23","1","0.000000","0","0"
"/Game/Game/Materials/Props/M_Ground.M_Ground","0","0","23","1","0.000000","0","0"
"/Game/Game/Materials/Props/FXBullet_Material.FXBullet_Material","0","0","14","1","0.000000","0","0"
"/Game/Game/Materials/M_Trail.M_Trail","0","0","45","1","0.000000","0","0"
"/Game/Game/Materials/M_SimpleDebugMat2.M_SimpleDebugMat2","0","0","4","1","0.000000","0","0"
"/Game/Game/Materials/M_PP_UnderwaterEffect.M_PP_UnderwaterEffect","0","0","6","1","0.000000","0","0"
"/Game/Game/Materials/M_PojectilePath.M_PojectilePath","0","0","45","1","0.000000","0","0"
"/Engine/BasicShapes/BasicShapeMaterial.BasicShapeMaterial","0","0","98","1","0.000000","0","0"
"/Engine/EngineDebugMaterials/WireframeMaterial.WireframeMaterial","0","0","584","1","0.000000","0","0"
"/Engine/MapTemplates/Materials/BasicAsset01.BasicAsset01","0","0","37","1","0.000000","0","0"
"/Engine/MapTemplates/Materials/BasicAsset03.BasicAsset03","0","0","23","1","0.000000","0","0"
"/Niagara/DefaultAssets/DefaultRIbbonMaterial.DefaultRibbonMaterial","0","0","66","1","0.000000","0","0"
"/Engine/MapTemplates/Materials/BasicAsset02.BasicAsset02","0","0","23","1","0.000000","0","0"
"/Engine/EditorMaterials/WidgetMaterial_X.WidgetMaterial_X","0","0","6","1","0.000000","0","0"
"/Game/AdvancedLocomotionV4/CharacterAssets/MannequinSkeleton/Materials/M_Mannequin_Body.M_Mannequin_Body","0","0","28","1","0.000000","0","0"
"/Game/AdvancedLocomotionV4/CharacterAssets/MannequinSkeleton/Materials/M_Mannequin_Logo.M_Mannequin_Logo","0","0","60","1","0.000000","0","0"
"/Engine/EngineMaterials/FlattenMaterial_WS_Normal_VT.FlattenMaterial_WS_Normal_VT","0","0","66","1","0.000000","0","0"
"/Engine/EngineMaterials/FlattenMaterial_VT.FlattenMaterial_VT","0","0","66","1","0.000000","0","0"
"/Engine/EngineMaterials/FlattenMaterial.FlattenMaterial","0","0","66","1","0.000000","0","0"
"/Engine/EngineMaterials/M_InvalidLightmapSettings.M_InvalidLightmapSettings","0","0","28","1","0.000000","0","0"
"/Engine/EngineMaterials/EmissiveMeshMaterial.EmissiveMeshMaterial","0","0","9","1","0.000000","0","0"
"/Engine/EngineDebugMaterials/M_VolumeRenderSphereTracePP.M_VolumeRenderSphereTracePP","0","0","6","1","0.000000","0","0"
"/Game/Game/Materials/PP_OutlinerTest2.PP_OutlinerTest2","0","0","6","1","0.000000","0","0"
"/Engine/EngineMaterials/PhAT_JointLimitMaterial.PhAT_JointLimitMaterial","0","0","13","1","0.000000","0","0"
"/ControlRig/M_Manip.M_Manip","0","0","13","1","0.000000","0","0"
"/Game/AdvancedLocomotionV4/VehiclesMesh/SportCar/Materials/M_SportsCar_Wheel.M_SportsCar_Wheel","0","0","28","1","0.000000","0","0"
"/Paper2D/DefaultSpriteMaterial.DefaultSpriteMaterial","0","0","75","2","0.000000","0","0"
"/Game/AdvancedLocomotionV4/VehiclesMesh/SportCar/Materials/M_SportsCar.M_SportsCar","0","0","64","2","0.000000","0","0"
"/Engine/VREditor/TransformGizmo/TransformGizmoMaterial.TransformGizmoMaterial","0","0","4","1","0.000000","0","0"
"/Game/AdvancedLocomotionV4/VehiclesMesh/Pickup/Materials/UCB_GLASS_CLEAN_001.UCB_GLASS_CLEAN_001","0","0","26","1","0.000000","0","0"
"/Game/AdvancedLocomotionV4/VehiclesMesh/Pickup/Materials/RIMOFFROAD_01_3.RIMOFFROAD_01_3","0","0","14","1","0.000000","0","0"
"/Engine/EditorMaterials/WorldPartition/WorldPartitionSpatialHashGridPreviewMaterial.WorldPartitionSpatialHashGridPreviewMaterial","0","0","6","1","0.000000","0","0"
"/Game/AdvancedLocomotionV4/VehiclesMesh/Pickup/Materials/krmlgtbdy85_interior_001.krmlgtbdy85_interior_001","0","0","14","1","0.000000","0","0"
"/Game/AdvancedLocomotionV4/VehiclesMesh/Pickup/Materials/krmlgtbdy85_headlights_001.krmlgtbdy85_headlights_001","0","0","14","1","0.000000","0","0"
"/Game/AdvancedLocomotionV4/VehiclesMesh/Pickup/Materials/UCB_BOTTOM.UCB_BOTTOM","0","0","28","1","0.000000","0","0"
"/HairStrands/Materials/HairDebugMaterial.HairDebugMaterial","0","0","104","1","0.000000","0","0"
"/Engine/EngineSky/VolumetricClouds/m_SimpleVolumetricCloud.m_SimpleVolumetricCloud","0","0","56","1","0.000000","0","0"
"/Game/AdvancedLocomotionV4/VehiclesMesh/Pickup/Materials/UCB_BOTTOM_001.UCB_BOTTOM_001","0","0","28","1","0.000000","0","0"
"/Game/AdvancedLocomotionV4/VehiclesMesh/Pickup/Materials/Numberplates_001.Numberplates_001","0","0","14","1","0.000000","0","0"
"/Game/AdvancedLocomotionV4/VehiclesMesh/Pickup/Materials/GENERIC_BADGES_001.GENERIC_BADGES_001","0","0","14","1","0.000000","0","0"
"/Engine/EngineMaterials/DefaultPostProcessMaterial.DefaultPostProcessMaterial","0","0","10","1","0.000000","0","0"
"/Engine/EngineMaterials/DefaultDeferredDecalMaterial.DefaultDeferredDecalMaterial","0","0","101","1","0.000000","0","0"
"/Engine/EngineMaterials/DefaultMaterial.DefaultMaterial","0","0","167","1","0.000000","0","0"
"/Engine/EngineMaterials/WorldGridMaterial.WorldGridMaterial","0","0","1288","1","0.000000","0","0"
"/Engine/EngineMaterials/DefaultTextMaterialOpaque.DefaultTextMaterialOpaque","0","0","31","1","0.000000","0","0"
"/Engine/EngineMaterials/Widget3DPassThrough.Widget3DPassThrough","0","0","66","6","0.000000","0","9"
"/Game/GoodSky/Source/ArrowTool/M_GoodSky_SkyRing_.M_GoodSky_SkyRing_","0","0","19","1","0.000000","0","0"
"/Game/Game/Vehicle_System/Jeep_Mesh/Inside_Detail_Meshs/DashBoard_Lights_Info2.DashBoard_Lights_Info2","0","0","16","1","0.000000","0","0"
"/Game/Game/Vehicle_System/Jeep_Mesh/Inside_Detail_Meshs/DashBoard_Lights_Info.DashBoard_Lights_Info","0","0","16","1","0.000000","0","0"
"/Game/Game/Vehicle_System/Jeep_Mesh/Inside_Detail_Meshs/DashBoard_Base.DashBoard_Base","0","0","14","1","0.000000","0","0"
"/Game/AdvancedLocomotionV4/Props/Meshes/Knife/M_Knife_Master.M_Knife_Master","0","0","14","1","0.000000","0","0"
"/Game/Game/Vehicle_System/Jeep_Mesh/Inside_Detail_Meshs/Dash-SmallClock.Dash-SmallClock","0","0","16","1","0.000000","0","0"
"/Game/Game/Vehicle_System/Jeep_Mesh/Inside_Detail_Meshs/Dash-Clock1.Dash-Clock1","0","0","16","1","0.000000","0","0"
"/Game/Game/Vehicle_System/Jeep_Mesh/Inside_Detail_Meshs/GearUp_Arrow_MAt.GearUp_Arrow_MAt","0","0","31","1","0.000000","0","0"
"/Game/AdvancedLocomotionV4/CharacterAssets/Ellie/Model001_Material011.Model001_Material011","0","0","28","1","0.000000","0","0"
"/Game/AdvancedLocomotionV4/CharacterAssets/Ellie/Model001_Material010.Model001_Material010","0","0","28","1","0.000000","0","0"
"/Game/AdvancedLocomotionV4/CharacterAssets/Ellie/Model001_Material036.Model001_Material036","0","0","60","1","0.000000","0","0"
"/Game/AdvancedLocomotionV4/Props/Meshes/Backpack/M_Backpack.M_Backpack","0","0","28","1","0.000000","0","0"
"/Game/AdvancedLocomotionV4/Props/Meshes/Axe/M_Axe_Material.M_Axe_Material","0","0","14","1","0.000000","0","0"
"/Game/AdvancedLocomotionV4/Props/Meshes/Arrow/M_Arrow_02.M_Arrow_02","0","0","60","1","0.000000","0","0"
"/Game/AdvancedLocomotionV4/Props/Meshes/Arrow/M_Arrow_01.M_Arrow_01","0","0","28","1","0.000000","0","0"
"/Game/Game/Materials/M_smoke.M_smoke","0","0","72","1","0.000000","0","0"
"/Game/Game/Materials/M_scorch.M_scorch","0","0","79","1","0.000000","0","0"
"/Game/AdvancedLocomotionV4/Environment/Text/M_OutlinedText.M_OutlinedText","0","0","31","1","0.000000","0","0"
"/Game/Game/Materials/M_ExplosionShapes_burst.M_ExplosionShapes_burst","0","0","27","1","0.000000","0","0"
"/Game/Game/Materials/M_Ember.M_Ember","0","0","27","1","0.000000","0","0"
"/Game/Game/Materials/M_HeatDistortion_mesh.M_HeatDistortion_mesh","0","0","104","1","0.000000","0","0"
"/Game/Game/Materials/M_Burst_add.M_Burst_add","0","0","44","1","0.000000","0","0"
"/Game/Game/Materials/Props/M_Rocks_SimpleMat.M_Rocks_SimpleMat","0","0","14","1","0.000000","0","0"
"/Game/Game/Materials/Cliff_Material.Cliff_Material","0","0","14","1","0.000000","0","0"
"/Game/Game/Materials/UI/Radio_Button1.Radio_Button1","0","0","26","1","0.000000","0","0"
"/Game/AdvancedLocomotionV4/Environment/Materials/M_Tiles.M_Tiles","0","0","23","1","0.000000","0","0"
"/Game/AdvancedLocomotionV4/Props/Materials/M_Prop.M_Prop","0","0","28","1","0.000000","0","0"
"/Game/AdvancedLocomotionV4/Environment/Materials/fluorescent_DefaultMaterial.fluorescent_DefaultMaterial","0","0","14","1","0.000000","0","0"
"/Game/Game/Materials/Props/Valve_Wheel_Mat_Master.Valve_Wheel_Mat_Master","0","0","14","1","0.000000","0","0"
"/Game/Game/Materials/Surace_Types/Surface_TYpe_Test.Surface_TYpe_Test","0","0","14","1","0.000000","0","0"
"/Game/AdvancedLocomotionV4/Environment/Materials/M_Object.M_Object","0","0","60","1","0.000000","0","0"
"/Game/AdvancedLocomotionV4/CharacterAssets/MannequinSkeleton/Materials/M_Male_Body_Hands.M_Male_Body_Hands","0","0","28","1","0.000000","0","0"
"/Game/Game/Materials/M_FireFlame_01.M_FireFlame_01","0","0","27","1","0.000000","0","0"
"/Game/Game/Materials/M_FireBall_01.M_FireBall_01","0","0","27","1","0.000000","0","0"
"/Game/Game/Materials/M_debris_SUB.M_debris_SUB","0","0","72","1","0.000000","0","0"
"/Game/Game/Materials/M_smoke_noise.M_smoke_noise","0","0","72","1","0.000000","0","0"
"/Game/Game/Materials/M_smoke_dirlit_01.M_smoke_dirlit_01","0","0","72","1","0.000000","0","0"
"/Game/Game/Materials/M_smoke_bomb__1.M_smoke_bomb__1","0","0","72","1","0.000000","0","0"
"/Game/Game/Materials/M_BlueprintIcon.M_BlueprintIcon","0","0","14","1","0.000000","0","0"
"/Game/Game/Materials/M_3D_ProgressBar.M_3D_ProgressBar","0","0","19","1","0.000000","0","0"
"/Game/Game/Materials/BlobTest.BlobTest","0","0","26","1","0.000000","0","0"
"/Game/Game/Vehicle_System/Jeep_Mesh/Materials/STOP_Backward_Light_Mat.STOP_Backward_Light_Mat","0","0","28","1","0.000000","0","0"
"/Game/Game/Vehicle_System/Jeep_Mesh/Materials/Backward_Lights_2.Backward_Lights_2","0","0","28","1","0.000000","0","0"
"/Game/Game/Materials/ShotDust.ShotDust","0","0","78","1","0.000000","0","0"
"/Game/Game/Materials/M_SimpleDebugMat.M_SimpleDebugMat","0","0","24","1","0.000000","0","0"
"/Engine/EngineMaterials/PPM_DefaultCalibrationGrayscale.PPM_DefaultCalibrationGrayscale","0","0","6","1","0.000000","0","0"
"/Engine/EngineMaterials/PPM_DefaultCalibrationColor.PPM_DefaultCalibrationColor","0","0","6","1","0.000000","0","0"
"/Engine/EditorMaterials/PreviewShadowIndicatorMaterial.PreviewShadowIndicatorMaterial","0","0","43","1","0.000000","0","0"
"/Game/Game/Vehicle_System/Jeep_Mesh/Materials/Turn_Signal_Material.Turn_Signal_Material","0","0","28","1","0.000000","0","0"
"/Game/Game/Vehicle_System/Jeep_Mesh/Materials/Tire_Master.Tire_Master","0","0","32","1","0.000000","0","0"
"/Game/Game/Vehicle_System/Jeep_Mesh/Materials/Inside_Master.Inside_Master","0","0","32","1","0.000000","0","0"
"/Game/Game/Vehicle_System/Jeep_Mesh/Materials/Armchair_fabric_Master.Armchair_fabric_Master","0","0","32","1","0.000000","0","0"
"/Game/AdvancedLocomotionV4/CharacterAssets/Zombie_Character/Materials/SNP_Base_MAT.SNP_Base_MAT","0","0","70","1","0.000000","0","0"
"/Game/Game/Materials/Surace_Types/Grass.Grass","0","0","14","1","0.000000","0","0"
"/Game/Game/Materials/Props/Decal_Hole_Master.Decal_Hole_Master","0","0","27","1","0.000000","0","0"
"/Game/AdvancedLocomotionV4/VehiclesMesh/Pickup/Materials/M_Pickup_HeadlightsForward.M_Pickup_HeadlightsForward","0","0","14","1","0.000000","0","0"
"/Game/AdvancedLocomotionV4/VehiclesMesh/Pickup/Materials/M_Pickup_HeadlightsBackward.M_Pickup_HeadlightsBackward","0","0","14","1","0.000000","0","0"
"/Game/Game/Vehicle_System/Jeep_Mesh/Materials/Forward_Lights_1.Forward_Lights_1","0","0","28","1","0.000000","0","0"
"/Game/Game/Vehicle_System/Jeep_Mesh/Materials/Glass_Material_Master.Glass_Material_Master","0","0","56","1","0.000000","0","0"
"/Game/AdvancedLocomotionV4/CharacterAssets/Ellie/M_Ellie_HairsMaster.M_Ellie_HairsMaster","0","0","118","1","0.000000","0","0"
"/Game/AdvancedLocomotionV4/Environment/Materials/M_Plants_01.M_Plants_01","0","0","62","1","0.000000","0","0"
"/Game/Game/Materials/Surace_Types/Wood.Wood","0","0","56","2","0.000000","0","0"
"/Game/Game/Materials/M_PP_XrayEffect.M_PP_XrayEffect","0","0","6","1","0.000000","0","0"
"/Game/Game/Materials/M_PP_Outlines_Master.M_PP_Outlines_Master","0","0","6","1","0.000000","0","0"
"/Engine/EngineMaterials/DefaultParticle.DefaultParticle","0","0","133","1","0.000000","0","0"
"/SpeedTreeImporter/SpeedTree9/SpeedTreeBillboardMaster.SpeedTreeBillboardMaster","0","0","62","1","0.000000","0","0"
"/SpeedTreeImporter/SpeedTree9/SpeedTreeMaster.SpeedTreeMaster","0","0","88","1","0.000000","0","0"
"/Game/Game/Materials/UI/M_GrenadeWarning_UI.M_GrenadeWarning_UI","0","0","32","2","0.000000","0","0"
"/Game/Game/Materials/UI/Bliboard_KeyInput_Mat.Bliboard_KeyInput_Mat","0","0","26","1","0.000000","0","0"
"/Game/Game/Materials/Gun_Fire_mat.Gun_Fire_mat","0","0","72","1","0.000000","0","0"
"/Game/Game/Vehicle_System/Jeep_Mesh/Materials/Steel_Master.Steel_Master","0","0","32","1","0.000000","0","0"
"/Game/Game/Vehicle_System/Jeep_Mesh/Materials/17_-_Default.17_-_Default","0","0","56","2","0.000000","0","0"
"/Game/Game/Vehicle_System/Jeep_Mesh/Inside_Detail_Meshs/Dash-Clock-R.Dash-Clock-R","0","0","16","1","0.000000","0","0"
"/Game/AdvancedLocomotionV4/Props/Materials/M_Prop_Hook_Material.M_Prop_Hook_Material","0","0","32","1","0.000000","0","0"
"/Game/Game/Materials/UI/Viewfinder-Mat.Viewfinder-Mat","0","0","16","1","0.000000","0","0"
"/Game/Game/Materials/UI/UI_BG_Gradient.UI_BG_Gradient","0","0","16","1","0.000000","0","0"
"/Game/Game/Materials/UI/Time_To_Reaction_ForAI-Material.Time_To_Reaction_ForAI-Material","0","0","26","1","0.000000","0","0"
"/Game/Game/Materials/UI/Radio_Screen.Radio_Screen","0","0","26","1","0.000000","0","0"
"/Game/Game/Materials/UI/NewMaterial.NewMaterial","0","0","16","1","0.000000","0","0"
"/Game/Game/Materials/UI/Health_Bar_mat.Health_Bar_mat","0","0","16","1","0.000000","0","0"
"/Game/Game/Materials/UI/Bullets_Icon_Mat.Bullets_Icon_Mat","0","0","26","1","0.000000","0","0"
"/Game/Game/Materials/UI/Bow_Icon_Mat.Bow_Icon_Mat","0","0","26","1","0.000000","0","0"
"/Game/Game/Materials/UI/Bilboard_Input_Key_Txt-Mat.Bilboard_Input_Key_Txt-Mat","0","0","16","1","0.000000","0","0"
"/Game/Game/Materials/UI/Bilboard_Input_Key_Progress_Mat.Bilboard_Input_Key_Progress_Mat","0","0","16","1","0.000000","0","0"
"/Game/Game/Materials/Surace_Types/Snow.Snow","0","0","16","1","0.000000","0","0"
"/Game/Game/Materials/Surace_Types/Sand.Sand","0","0","16","1","0.000000","0","0"
"/Game/Game/Materials/Surace_Types/Ground.Ground","0","0","16","1","0.000000","0","0"
"/Game/Game/Materials/Props/Objects_Mateerial_Master.Objects_Mateerial_Master","0","0","16","1","0.000000","0","0"
"/Game/Game/Materials/Props/Environment_Mat_Master.Environment_Mat_Master","0","0","50","2","0.000000","0","0"
"/Game/Game/Materials/Props/Environment_Landscape_Mat_Master.Environment_Landscape_Mat_Master","0","0","77","2","0.000000","0","0"
"/Game/Game/Materials/Props/Chest_Material_Master.Chest_Material_Master","0","0","16","1","0.000000","0","0"
"/Game/Game/Materials/UI/M_SniperTargetMarker.M_SniperTargetMarker","0","0","16","1","0.000000","0","0"
"/Game/AdvancedLocomotionV4/CharacterAssets/MannequinSkeleton/Materials/M_Male_Body_Master.M_Male_Body_Master","0","0","28","1","0.000000","0","0"
"/Game/AdvancedLocomotionV4/Props/Meshes/Backpack/Backpack4/M_Backpackv4_Material.M_Backpackv4_Material","0","0","28","1","0.000000","0","0"
"/Game/AdvancedLocomotionV4/CharacterAssets/Ellie/M_Ellie_MasterMasterial.M_Ellie_MasterMasterial","0","0","28","1","0.000000","0","0"
"/Game/AdvancedLocomotionV4/Props/Meshes/Backpack/M_Backpack_Detail.M_Backpack_Detail","0","0","28","1","0.000000","0","0"
"/Game/AdvancedLocomotionV4/CharacterAssets/Ellie/M_Ellie_BodyMasterMasterial.M_Ellie_BodyMasterMasterial","0","0","28","1","0.000000","0","0"
"/Game/Game/Materials/UI/Viewfinder-MasterMaterial.Viewfinder-MasterMaterial","0","0","16","1","0.000000","0","0"
"/Game/Game/Materials/UI/Key_Input_BP.Key_Input_BP","0","0","26","1","0.000000","0","0"
"/Game/Game/Materials/UI/Hook_Point_Widget_Mat.Hook_Point_Widget_Mat","0","0","16","1","0.000000","0","0"
"/Game/Game/Materials/ShotParticle1.ShotParticle1","0","0","63","1","0.000000","0","0"
"/Game/Game/Materials/ShotParticle.ShotParticle","0","0","63","1","0.000000","0","0"
"/Game/AdvancedLocomotionV4/Environment/Materials/M_SimpleWaterMat.M_SimpleWaterMat","0","0","26","1","0.000000","0","52"
"/Game/Game/Materials/UI/M_GrenadeInfo.M_GrenadeInfo","0","0","16","1","0.000000","0","0"
"/Game/AdvancedLocomotionV4/CharacterAssets/MannequinSkeleton/Materials/M_AnimMan_Eyes.M_AnimMan_Eyes","0","0","354","3","0.000000","0","0"
"/Game/AdvancedLocomotionV4/CharacterAssets/MannequinSkeleton/Materials/M_AnimMan_Default.M_AnimMan_Default","0","0","236","2","0.000000","0","0"
"/Game/Game/Materials/binoculars_Post_Process.binoculars_Post_Process","0","0","6","1","0.000000","0","0"
"/Game/Game/Materials/M_SniperSlopePP.M_SniperSlopePP","0","0","6","1","0.000000","0","0"
"/Game/Game/Dynamic_Sky_System/Materials/M_GoodSky_Sun_Stars.M_GoodSky_Sun_Stars","0","0","4","1","0.000000","0","0"
"/Game/Game/Dynamic_Sky_System/Materials/M_GoodSky_Base.M_GoodSky_Base","0","0","4","1","0.000000","0","0"
"/Game/Game/Materials/Demo/M_grass_Interaction.M_grass_Interaction","0","0","88","1","0.000000","0","0"
"/Game/Game/Dynamic_Sky_System/Materials/M_GoodSky_Sun_Stars_Moon.M_GoodSky_Sun_Stars_Moon","0","0","9","1","0.000000","0","0"
"/Game/Game/Dynamic_Sky_System/Materials/M_GoodSky_Moon.M_GoodSky_Moon","0","0","4","1","0.000000","0","0"
"/Game/Game/Dynamic_Sky_System/Materials/M_GoodSky_Storm.M_GoodSky_Storm","0","0","4","1","0.000000","0","0"
"/Game/AdvancedLocomotionV4/Environment/Materials/M_Office_Assets_Pack_V2.M_Office_Assets_Pack_V2","0","0","31","1","0.000000","0","0"
"/Game/AdvancedLocomotionV4/Environment/Materials/M_Office_Assets_Pack_V1.M_Office_Assets_Pack_V1","0","0","31","1","0.000000","0","0"
"/Game/AdvancedLocomotionV4/Environment/Materials/M_Environment_Master.M_Environment_Master","0","0","30","2","0.000000","0","30"
"/Game/AdvancedLocomotionV4/Environment/Materials/M_DemoLandscapeMaster.M_DemoLandscapeMaster","0","0","74","3","0.000000","0","74"
"/Engine/EditorMaterials/Cloth/CameraLitDoubleSided.CameraLitDoubleSided","0","0","6","1","0.000000","0","0"
"/Engine/EditorMaterials/WidgetVertexColorMaterial.WidgetVertexColorMaterial","0","0","9","1","0.000000","0","0"
